Example ID,Source,Figure ID,Data Provider,PI,Date Received,Data Measurment Published,Type,Carbon,Nitrogen,Phosphorus,Hydrogen,Titanium,Gold,Lithium,Nickel,Cobalt,Manganese,Oxygen,Cadmium,Selenium,Sulfur,Silicon,Platinum,Zinc,Total Comp Knowledge,Particle Diameter Dimension 1 (nm),Particle Diameter Dimension 2 (nm),Particle Diameter Dimension 3 (nm),Capping Agent,Particle Shape,Concentration (mg/L),Surface Area (NMC) (m2/g),pH,Medium,Natural Organic Matter (mg/L),Purification Method,Total Centrifugation Steps,Exposure Time (min),Bacteria,Gram,Identity ,Mutation,Prior Exposure,Method,Viability Fraction ,Error,Comments
1,10.1021/acs.est.7b02823,1 and 3,Arielle Mensch,Bob Hamers,8/23/18,8/17/17,Nanodiamond,1,0,0,0,0,0,0,0,0,0,0,0,0,0,0,0,0,T,15,15,15,PAH,Amorphous,3.75,0,7.4,HEPES Buffer,0,Dialysis,0,10,Yes,Negative,Shewanella oneidensis,MR-1,No,GVB,0.105666667,,
2,10.1021/acs.est.7b02823,3,Arielle Mensch,Bob Hamers,8/23/18,8/17/17,Nanodiamond,1,0,0,0,0,0,0,0,0,0,0,0,0,0,0,0,0,T,15,15,15,PAH,Amorphous,3.75,0,7.4,HEPES Buffer,0.5,Dialysis,0,10,Yes,Negative,Shewanella oneidensis,MR-1,No,GVB,0.054333333,,
3,10.1021/acs.est.7b02823,3,Arielle Mensch,Bob Hamers,8/23/18,8/17/17,Nanodiamond,1,0,0,0,0,0,0,0,0,0,0,0,0,0,0,0,0,T,15,15,15,PAH,Amorphous,3.75,0,7.4,HEPES Buffer,1,Dialysis,0,10,Yes,Negative,Shewanella oneidensis,MR-1,No,GVB,0.053,,
4,10.1021/acs.est.7b02823,3,Arielle Mensch,Bob Hamers,8/23/18,8/17/17,Nanodiamond,1,0,0,0,0,0,0,0,0,0,0,0,0,0,0,0,0,T,15,15,15,PAH,Amorphous,3.75,0,7.4,HEPES Buffer,2,Dialysis,0,10,Yes,Negative,Shewanella oneidensis,MR-1,No,GVB,0.123,,
5,10.1021/acs.est.7b02823,3,Arielle Mensch,Bob Hamers,8/23/18,8/17/17,Nanodiamond,1,0,0,0,0,0,0,0,0,0,0,0,0,0,0,0,0,T,15,15,15,PAH,Amorphous,3.75,0,7.4,HEPES Buffer,3,Dialysis,0,10,Yes,Negative,Shewanella oneidensis,MR-1,No,GVB,0.205666667,,
6,10.1021/acs.est.7b02823,1 and 3,Arielle Mensch,Bob Hamers,8/23/18,8/17/17,Nanodiamond,1,0,0,0,0,0,0,0,0,0,0,0,0,0,0,0,0,T,15,15,15,PAH,Amorphous,3.75,0,7.4,HEPES Buffer,5,Dialysis,0,10,Yes,Negative,Shewanella oneidensis,MR-1,No,GVB,1.135333333,,
7,10.1021/acs.est.7b02823,1 and 3,Arielle Mensch,Bob Hamers,8/23/18,8/17/17,Nanodiamond,1,0,0,0,0,0,0,0,0,0,0,0,0,0,0,0,0,T,15,15,15,PAH,Amorphous,3.75,0,7.4,HEPES Buffer,25,Dialysis,0,10,Yes,Negative,Shewanella oneidensis,MR-1,No,GVB,0.948333333,,
8,10.1021/acs.analchem.6b04652,3a,Tian Autumn Qiu,Christy Haynes,9/18/18,1/9/17,Gold,0,0,0,0,0,1,0,0,0,0,0,0,0,0,0,0,0,T,4.5,4.5,4.5,PAH,Sphere,2.8,0,7.4,HEPES Buffer,0,1 C H2O,1,15,Yes,Negative,Shewanella oneidensis,MR-1,No,GVB,0.024056667,,
9,10.1021/acs.analchem.6b04652,3a,Tian Autumn Qiu,Christy Haynes,9/18/18,1/9/17,Gold,0,0,0,0,0,1,0,0,0,0,0,0,0,0,0,0,0,T,4.5,4.5,4.5,PAH,Sphere,1.4,0,7.4,HEPES Buffer,0,1 C H2O,1,15,Yes,Negative,Shewanella oneidensis,MR-1,No,GVB,0.0455,,
10,10.1021/acs.analchem.6b04652,3a,Tian Autumn Qiu,Christy Haynes,9/18/18,1/9/17,Gold,0,0,0,0,0,1,0,0,0,0,0,0,0,0,0,0,0,T,4.5,4.5,4.5,PAH,Sphere,0.7,0,7.4,HEPES Buffer,0,1 C H2O,1,15,Yes,Negative,Shewanella oneidensis,MR-1,No,GVB,0.09616,,
11,10.1021/acs.analchem.6b04652,3a,Tian Autumn Qiu,Christy Haynes,9/18/18,1/9/17,Gold,0,0,0,0,0,1,0,0,0,0,0,0,0,0,0,0,0,T,4.5,4.5,4.5,PAH,Sphere,0.35,0,7.4,HEPES Buffer,0,1 C H2O,1,15,Yes,Negative,Shewanella oneidensis,MR-1,No,GVB,0.348613333,,
12,10.1021/acs.analchem.6b04652,3a,Tian Autumn Qiu,Christy Haynes,9/18/18,1/9/17,Gold,0,0,0,0,0,1,0,0,0,0,0,0,0,0,0,0,0,T,4.5,4.5,4.5,PAH,Sphere,0.175,0,7.4,HEPES Buffer,0,1 C H2O,1,15,Yes,Negative,Shewanella oneidensis,MR-1,No,GVB,1.33643,,
13,10.1021/acs.analchem.6b04652,3a,Tian Autumn Qiu,Christy Haynes,9/18/18,1/9/17,Gold,0,0,0,0,0,1,0,0,0,0,0,0,0,0,0,0,0,T,4.5,4.5,4.5,PAH,Sphere,0.0875,0,7.4,HEPES Buffer,0,1 C H2O,1,15,Yes,Negative,Shewanella oneidensis,MR-1,No,GVB,1.053813333,,
14,10.1021/acs.analchem.6b04652,3a,Tian Autumn Qiu,Christy Haynes,9/18/18,1/9/17,Gold,0,0,0,0,0,1,0,0,0,0,0,0,0,0,0,0,0,T,4.5,4.5,4.5,PAH,Sphere,0.0438,0,7.4,HEPES Buffer,0,1 C H2O,1,15,Yes,Negative,Shewanella oneidensis,MR-1,No,GVB,1.079956667,,
15,10.1021/acs.analchem.6b04652,3a,Tian Autumn Qiu,Christy Haynes,9/18/18,1/9/17,Gold,0,0,0,0,0,1,0,0,0,0,0,0,0,0,0,0,0,T,4.5,4.5,4.5,PAH,Sphere,0,0,7.4,HEPES Buffer,0,1 C H2O,1,15,Yes,Negative,Shewanella oneidensis,MR-1,No,GVB,1.124993333,,
16,10.1021/acs.analchem.6b04652,3c,Tian Autumn Qiu,Christy Haynes,9/18/18,1/9/17,NMC,0,0,0,0,0,0,0.25,0.0575,0.1375,0.055,0.5,0,0,0,0,0,0,T,5,70,70,None,Sheet,100,127.2,7.25,Minimal Medium,0,"1 C H2O,  4 C MeOH",5,180,Yes,Negative,Shewanella oneidensis,MR-1,No,GVB,0.271519713,,
17,10.1021/acs.analchem.6b04652,3c,Tian Autumn Qiu,Christy Haynes,9/18/18,1/9/17,NMC,0,0,0,0,0,0,0.25,0.0575,0.1375,0.055,0.5,0,0,0,0,0,0,T,5,70,70,None,Sheet,50,127.2,7.25,Minimal Medium,0,"1 C H2O,  4 C MeOH",5,180,Yes,Negative,Shewanella oneidensis,MR-1,No,GVB,0.377734643,,
18,10.1021/acs.analchem.6b04652,3c,Tian Autumn Qiu,Christy Haynes,9/18/18,1/9/17,NMC,0,0,0,0,0,0,0.25,0.0575,0.1375,0.055,0.5,0,0,0,0,0,0,T,5,70,70,None,Sheet,25,127.2,7.25,Minimal Medium,0,"1 C H2O,  4 C MeOH",5,180,Yes,Negative,Shewanella oneidensis,MR-1,No,GVB,0.499844367,,
19,10.1021/acs.analchem.6b04652,3c,Tian Autumn Qiu,Christy Haynes,9/18/18,1/9/17,NMC,0,0,0,0,0,0,0.25,0.0575,0.1375,0.055,0.5,0,0,0,0,0,0,T,5,70,70,None,Sheet,12.5,127.2,7.25,Minimal Medium,0,"1 C H2O,  4 C MeOH",5,180,Yes,Negative,Shewanella oneidensis,MR-1,No,GVB,0.646539833,,
20,10.1021/acs.analchem.6b04652,3c,Tian Autumn Qiu,Christy Haynes,9/18/18,1/9/17,NMC,0,0,0,0,0,0,0.25,0.0575,0.1375,0.055,0.5,0,0,0,0,0,0,T,5,70,70,None,Sheet,6.25,127.2,7.25,Minimal Medium,0,"1 C H2O,  4 C MeOH",5,180,Yes,Negative,Shewanella oneidensis,MR-1,No,GVB,0.764120733,,
21,10.1021/acs.analchem.6b04652,3c,Tian Autumn Qiu,Christy Haynes,9/18/18,1/9/17,NMC,0,0,0,0,0,0,0.25,0.0575,0.1375,0.055,0.5,0,0,0,0,0,0,T,5,70,70,None,Sheet,0,127.2,7.25,Minimal Medium,0,"1 C H2O,  4 C MeOH",5,180,Yes,Negative,Shewanella oneidensis,MR-1,No,GVB,1.074270233,,
22,10.1021/acs.analchem.6b04652,3c,Tian Autumn Qiu,Christy Haynes,9/18/18,1/9/17,NMC,0,0,0,0,0,0,0.25,0.035,0.18,0.035,0.5,0,0,0,0,0,0,T,5,70,70,None,Sheet,100,127.2,7.25,Minimal Medium,0,"1 C H2O,  4 C MeOH",5,180,Yes,Negative,Shewanella oneidensis,MR-1,No,GVB,0.283194933,,
23,10.1021/acs.analchem.6b04652,3c,Tian Autumn Qiu,Christy Haynes,9/18/18,1/9/17,NMC,0,0,0,0,0,0,0.25,0.035,0.18,0.035,0.5,0,0,0,0,0,0,T,5,70,70,None,Sheet,50,127.2,7.25,Minimal Medium,0,"1 C H2O,  4 C MeOH",5,180,Yes,Negative,Shewanella oneidensis,MR-1,No,GVB,0.228306683,,
24,10.1021/acs.analchem.6b04652,3c,Tian Autumn Qiu,Christy Haynes,9/18/18,1/9/17,NMC,0,0,0,0,0,0,0.25,0.035,0.18,0.035,0.5,0,0,0,0,0,0,T,5,70,70,None,Sheet,25,127.2,7.25,Minimal Medium,0,"1 C H2O,  4 C MeOH",5,180,Yes,Negative,Shewanella oneidensis,MR-1,No,GVB,0.404940567,,
25,10.1021/acs.analchem.6b04652,3c,Tian Autumn Qiu,Christy Haynes,9/18/18,1/9/17,NMC,0,0,0,0,0,0,0.25,0.035,0.18,0.035,0.5,0,0,0,0,0,0,T,5,70,70,None,Sheet,12.5,127.2,7.25,Minimal Medium,0,"1 C H2O,  4 C MeOH",5,180,Yes,Negative,Shewanella oneidensis,MR-1,No,GVB,0.525214333,,
26,10.1021/acs.analchem.6b04652,3c,Tian Autumn Qiu,Christy Haynes,9/18/18,1/9/17,NMC,0,0,0,0,0,0,0.25,0.035,0.18,0.035,0.5,0,0,0,0,0,0,T,5,70,70,None,Sheet,6.25,127.2,7.25,Minimal Medium,0,"1 C H2O,  4 C MeOH",5,180,Yes,Negative,Shewanella oneidensis,MR-1,No,GVB,0.7296478,,
27,10.1021/acs.analchem.6b04652,3c,Tian Autumn Qiu,Christy Haynes,9/18/18,1/9/17,NMC,0,0,0,0,0,0,0.25,0.035,0.18,0.035,0.5,0,0,0,0,0,0,T,5,70,70,None,Sheet,0,127.2,7.25,Minimal Medium,0,"1 C H2O,  4 C MeOH",5,180,Yes,Negative,Shewanella oneidensis,MR-1,No,GVB,1.067682,,
28,10.1021/acs.analchem.6b04652,3d,Tian Autumn Qiu,Christy Haynes,9/18/18,1/9/17,Gold,0,0,0,0,0,1,0,0,0,0,0,0,0,0,0,0,0,T,4.5,4.5,4.5,MPNH2,Sphere,0,0,7.4,HEPES Buffer,0,Diafiltration,0,15,Yes,Positive,Bacillus subtilis,SB 491,No,GVB,1,,
29,10.1021/acs.analchem.6b04652,3d,Tian Autumn Qiu,Christy Haynes,9/18/18,1/9/17,Gold,0,0,0,0,0,1,0,0,0,0,0,0,0,0,0,0,0,T,4.5,4.5,4.5,MPNH2,Sphere,0.5,0,7.4,HEPES Buffer,0,Diafiltration,0,15,Yes,Positive,Bacillus subtilis,SB 491,No,GVB,0.734,,
30,10.1021/acs.analchem.6b04652,3d,Tian Autumn Qiu,Christy Haynes,9/18/18,1/9/17,Gold,0,0,0,0,0,1,0,0,0,0,0,0,0,0,0,0,0,T,4.5,4.5,4.5,MPNH2,Sphere,5,0,7.4,HEPES Buffer,0,Diafiltration,0,15,Yes,Positive,Bacillus subtilis,SB 491,No,GVB,0.456666667,,
31,10.1021/acs.analchem.6b04652,3d,Tian Autumn Qiu,Christy Haynes,9/18/18,1/9/17,Gold,0,0,0,0,0,1,0,0,0,0,0,0,0,0,0,0,0,T,4.5,4.5,4.5,MPNH2,Sphere,10,0,7.4,HEPES Buffer,0,Diafiltration,0,15,Yes,Positive,Bacillus subtilis,SB 491,No,GVB,0.188,,
32,10.1021/acs.analchem.6b04652,3d,Tian Autumn Qiu,Christy Haynes,9/18/18,1/9/17,Gold,0,0,0,0,0,1,0,0,0,0,0,0,0,0,0,0,0,T,4.5,4.5,4.5,MPNH2,Sphere,0,0,7.4,HEPES Buffer,0,Diafiltration,0,15,Yes,Positive,Bacillus subtilis,tagE,No,GVB,1,,
33,10.1021/acs.analchem.6b04652,3d,Tian Autumn Qiu,Christy Haynes,9/18/18,1/9/17,Gold,0,0,0,0,0,1,0,0,0,0,0,0,0,0,0,0,0,T,4.5,4.5,4.5,MPNH2,Sphere,0.5,0,7.4,HEPES Buffer,0,Diafiltration,0,15,Yes,Positive,Bacillus subtilis,tagE,No,GVB,0.868666667,,
34,10.1021/acs.analchem.6b04652,3d,Tian Autumn Qiu,Christy Haynes,9/18/18,1/9/17,Gold,0,0,0,0,0,1,0,0,0,0,0,0,0,0,0,0,0,T,4.5,4.5,4.5,MPNH2,Sphere,5,0,7.4,HEPES Buffer,0,Diafiltration,0,15,Yes,Positive,Bacillus subtilis,tagE,No,GVB,0.7725,,
35,10.1021/acs.analchem.6b04652,3d,Tian Autumn Qiu,Christy Haynes,9/18/18,1/9/17,Gold,0,0,0,0,0,1,0,0,0,0,0,0,0,0,0,0,0,T,4.5,4.5,4.5,MPNH2,Sphere,10,0,7.4,HEPES Buffer,0,Diafiltration,0,15,Yes,Positive,Bacillus subtilis,tagE,No,GVB,0.281333333,,
36,10.1021/acs.analchem.6b04652,3d,Tian Autumn Qiu,Christy Haynes,9/18/18,1/9/17,Gold,0,0,0,0,0,1,0,0,0,0,0,0,0,0,0,0,0,T,4.5,4.5,4.5,MPNH2,Sphere,0,0,7.4,HEPES Buffer,0,Diafiltration,0,15,Yes,Positive,Bacillus subtilis,dltA,No,GVB,1,,
37,10.1021/acs.analchem.6b04652,3d,Tian Autumn Qiu,Christy Haynes,9/18/18,1/9/17,Gold,0,0,0,0,0,1,0,0,0,0,0,0,0,0,0,0,0,T,4.5,4.5,4.5,MPNH2,Sphere,0.5,0,7.4,HEPES Buffer,0,Diafiltration,0,15,Yes,Positive,Bacillus subtilis,dltA,No,GVB,0.7395,,
38,10.1021/acs.analchem.6b04652,3d,Tian Autumn Qiu,Christy Haynes,9/18/18,1/9/17,Gold,0,0,0,0,0,1,0,0,0,0,0,0,0,0,0,0,0,T,4.5,4.5,4.5,MPNH2,Sphere,5,0,7.4,HEPES Buffer,0,Diafiltration,0,15,Yes,Positive,Bacillus subtilis,dltA,No,GVB,0.696666667,,
39,10.1021/acs.analchem.6b04652,3d,Tian Autumn Qiu,Christy Haynes,9/18/18,1/9/17,Gold,0,0,0,0,0,1,0,0,0,0,0,0,0,0,0,0,0,T,4.5,4.5,4.5,MPNH2,Sphere,10,0,7.4,HEPES Buffer,0,Diafiltration,0,15,Yes,Positive,Bacillus subtilis,dltA,No,GVB,0.454333333,,
40,10.1021/acsanm.8b00187 ,5,Natalie Hudson-Smith,Christy Haynes,10/8/18,4/2/18,NMC,0,0,0,0,0,0,0.25,0.08,0.0825,0.0875,0.5,0,0,0,0,0,0,T,5,70,70,None,Sheet,100,127.2,7.25,Minimal Medium,0,"2 C H2O,  3 C MeOH",5,180,Yes,Negative,Shewanella oneidensis,MR-1,No,GVB,0.291,,
41,10.1021/acsanm.8b00187 ,5,Natalie Hudson-Smith,Christy Haynes,10/8/18,4/2/18,NMC,0,0,0,0,0,0,0.25,0.08,0.0825,0.0875,0.5,0,0,0,0,0,0,T,5,70,70,None,Sheet,50,127.2,7.25,Minimal Medium,0,"2 C H2O,  3 C MeOH",5,180,Yes,Negative,Shewanella oneidensis,MR-1,No,GVB,0.388,,
42,10.1021/acsanm.8b00187 ,5,Natalie Hudson-Smith,Christy Haynes,10/8/18,4/2/18,NMC,0,0,0,0,0,0,0.25,0.08,0.0825,0.0875,0.5,0,0,0,0,0,0,T,5,70,70,None,Sheet,25,127.2,7.25,Minimal Medium,0,"2 C H2O,  3 C MeOH",5,180,Yes,Negative,Shewanella oneidensis,MR-1,No,GVB,0.517,,
43,10.1021/acsanm.8b00187 ,5,Natalie Hudson-Smith,Christy Haynes,10/8/18,4/2/18,NMC,0,0,0,0,0,0,0.25,0.08,0.0825,0.0875,0.5,0,0,0,0,0,0,T,5,70,70,None,Sheet,13,127.2,7.25,Minimal Medium,0,"2 C H2O,  3 C MeOH",5,180,Yes,Negative,Shewanella oneidensis,MR-1,No,GVB,0.581,,
44,10.1021/acsanm.8b00187 ,5,Natalie Hudson-Smith,Christy Haynes,10/8/18,4/2/18,NMC,0,0,0,0,0,0,0.25,0.08,0.0825,0.0875,0.5,0,0,0,0,0,0,T,5,70,70,None,Sheet,6,127.2,7.25,Minimal Medium,0,"2 C H2O,  3 C MeOH",5,180,Yes,Negative,Shewanella oneidensis,MR-1,No,GVB,0.747,,
45,10.1021/acsanm.8b00187 ,5,Natalie Hudson-Smith,Christy Haynes,10/8/18,4/2/18,NMC,0,0,0,0,0,0,0.25,0.08,0.0825,0.0875,0.5,0,0,0,0,0,0,T,5,70,70,None,Sheet,0,127.2,7.25,Minimal Medium,0,"2 C H2O,  3 C MeOH",5,180,Yes,Negative,Shewanella oneidensis,MR-1,No,GVB,1.162720667,,
46,10.1021/acsanm.8b00187 ,5,Natalie Hudson-Smith,Christy Haynes,10/8/18,4/2/18,NMC,0,0,0,0,0,0,0.25,0.0825,0.085,0.0825,0.5,0,0,0,0,0,0,T,33,40,47,None,Rectangular Prism,100,24.32,7.25,Minimal Medium,0,"2 C H2O,  3 C MeOH",5,180,Yes,Negative,Shewanella oneidensis,MR-1,No,GVB,0.557667,,
47,10.1021/acsanm.8b00187 ,5,Natalie Hudson-Smith,Christy Haynes,10/8/18,4/2/18,NMC,0,0,0,0,0,0,0.25,0.0825,0.085,0.0825,0.5,0,0,0,0,0,0,T,33,40,47,None,Rectangular Prism,50,24.32,7.25,Minimal Medium,0,"2 C H2O,  3 C MeOH",5,180,Yes,Negative,Shewanella oneidensis,MR-1,No,GVB,0.711094,,
48,10.1021/acsanm.8b00187 ,5,Natalie Hudson-Smith,Christy Haynes,10/8/18,4/2/18,NMC,0,0,0,0,0,0,0.25,0.0825,0.085,0.0825,0.5,0,0,0,0,0,0,T,33,40,47,None,Rectangular Prism,25,24.32,7.25,Minimal Medium,0,"2 C H2O,  3 C MeOH",5,180,Yes,Negative,Shewanella oneidensis,MR-1,No,GVB,0.827759667,,
49,10.1021/acsanm.8b00187 ,5,Natalie Hudson-Smith,Christy Haynes,10/8/18,4/2/18,NMC,0,0,0,0,0,0,0.25,0.0825,0.085,0.0825,0.5,0,0,0,0,0,0,T,33,40,47,None,Rectangular Prism,13,24.32,7.25,Minimal Medium,0,"2 C H2O,  3 C MeOH",5,180,Yes,Negative,Shewanella oneidensis,MR-1,No,GVB,0.838843333,,
50,10.1021/acsanm.8b00187 ,5,Natalie Hudson-Smith,Christy Haynes,10/8/18,4/2/18,NMC,0,0,0,0,0,0,0.25,0.0825,0.085,0.0825,0.5,0,0,0,0,0,0,T,33,40,47,None,Rectangular Prism,6,24.32,7.25,Minimal Medium,0,"2 C H2O,  3 C MeOH",5,180,Yes,Negative,Shewanella oneidensis,MR-1,No,GVB,0.984816667,,
51,10.1021/acsanm.8b00187 ,5,Natalie Hudson-Smith,Christy Haynes,10/8/18,4/2/18,NMC,0,0,0,0,0,0,0.25,0.0825,0.085,0.0825,0.5,0,0,0,0,0,0,T,33,40,47,None,Rectangular Prism,0,24.32,7.25,Minimal Medium,0,"2 C H2O,  3 C MeOH",5,180,Yes,Negative,Shewanella oneidensis,MR-1,No,GVB,1.122563667,,
52,10.1021/acsanm.8b00187 ,5,Natalie Hudson-Smith,Christy Haynes,10/8/18,4/2/18,NMC,0,0,0,0,0,0,0.25,0.083333333,0.083333333,0.083333333,0.5,0,0,0,0,0,0,T,7000,11000,15000,None,Amorphous,1000,0.98,7.25,Minimal Medium,0,"2 C H2O,  3 C MeOH",5,180,Yes,Negative,Shewanella oneidensis,MR-1,No,GVB,0.76339125,,
53,10.1021/acsanm.8b00187 ,5,Natalie Hudson-Smith,Christy Haynes,10/8/18,4/2/18,NMC,0,0,0,0,0,0,0.25,0.083333333,0.083333333,0.083333333,0.5,0,0,0,0,0,0,T,7000,11000,15000,None,Amorphous,500,0.98,7.25,Minimal Medium,0,"2 C H2O,  3 C MeOH",5,180,Yes,Negative,Shewanella oneidensis,MR-1,No,GVB,0.89958675,,
54,10.1021/acsanm.8b00187 ,5,Natalie Hudson-Smith,Christy Haynes,10/8/18,4/2/18,NMC,0,0,0,0,0,0,0.25,0.083333333,0.083333333,0.083333333,0.5,0,0,0,0,0,0,T,7000,11000,15000,None,Amorphous,250,0.98,7.25,Minimal Medium,0,"2 C H2O,  3 C MeOH",5,180,Yes,Negative,Shewanella oneidensis,MR-1,No,GVB,1.0026135,,
55,10.1021/acsanm.8b00187 ,5,Natalie Hudson-Smith,Christy Haynes,10/8/18,4/2/18,NMC,0,0,0,0,0,0,0.25,0.083333333,0.083333333,0.083333333,0.5,0,0,0,0,0,0,T,7000,11000,15000,None,Amorphous,125,0.98,7.25,Minimal Medium,0,"2 C H2O,  3 C MeOH",5,180,Yes,Negative,Shewanella oneidensis,MR-1,No,GVB,1.0904805,,
56,10.1021/acsanm.8b00187 ,5,Natalie Hudson-Smith,Christy Haynes,10/8/18,4/2/18,NMC,0,0,0,0,0,0,0.25,0.083333333,0.083333333,0.083333333,0.5,0,0,0,0,0,0,T,7000,11000,15000,None,Amorphous,63,0.98,7.25,Minimal Medium,0,"2 C H2O,  3 C MeOH",5,180,Yes,Negative,Shewanella oneidensis,MR-1,No,GVB,1.15451975,,
57,10.1021/acsanm.8b00187 ,5,Natalie Hudson-Smith,Christy Haynes,10/8/18,4/2/18,NMC,0,0,0,0,0,0,0.25,0.083333333,0.083333333,0.083333333,0.5,0,0,0,0,0,0,T,7000,11000,15000,None,Amorphous,0,0.98,7.25,Minimal Medium,0,"2 C H2O,  3 C MeOH",5,180,Yes,Negative,Shewanella oneidensis,MR-1,No,GVB,1.180508,,
58,10.1021/acs.analchem.6b04161,2,Tian Autumn Qiu,Christy Haynes,10/6/18,12/26/16,Gold,0,0,0,0,0,1,0,0,0,0,0,0,0,0,0,0,0,T,4.8,4.8,4.8,PAH,Sphere,0,0.98,7.4,HEPES Buffer,0,Diafiltration,0,15,Yes,Negative,Shewanella oneidensis,MR-1,No,CC,1,,
59,10.1021/acs.analchem.6b04161,2,Tian Autumn Qiu,Christy Haynes,10/6/18,12/26/16,Gold,0,0,0,0,0,1,0,0,0,0,0,0,0,0,0,0,0,T,4.8,4.8,4.8,PAH,Sphere,0.0003,0,7.4,HEPES Buffer,0,Diafiltration,0,15,Yes,Negative,Shewanella oneidensis,MR-1,No,CC,0.9933,,
60,10.1021/acs.analchem.6b04161,2,Tian Autumn Qiu,Christy Haynes,10/6/18,12/26/16,Gold,0,0,0,0,0,1,0,0,0,0,0,0,0,0,0,0,0,T,4.8,4.8,4.8,PAH,Sphere,0.001,0,7.4,HEPES Buffer,0,Diafiltration,0,15,Yes,Negative,Shewanella oneidensis,MR-1,No,CC,1.21,,
61,10.1021/acs.analchem.6b04161,2,Tian Autumn Qiu,Christy Haynes,10/6/18,12/26/16,Gold,0,0,0,0,0,1,0,0,0,0,0,0,0,0,0,0,0,T,4.8,4.8,4.8,PAH,Sphere,0.00213,0,7.4,HEPES Buffer,0,Diafiltration,0,15,Yes,Negative,Shewanella oneidensis,MR-1,No,CC,1.113,,
62,10.1021/acs.analchem.6b04161,2,Tian Autumn Qiu,Christy Haynes,10/6/18,12/26/16,Gold,0,0,0,0,0,1,0,0,0,0,0,0,0,0,0,0,0,T,4.8,4.8,4.8,PAH,Sphere,0.0046,0,7.4,HEPES Buffer,0,Diafiltration,0,15,Yes,Negative,Shewanella oneidensis,MR-1,No,CC,0.4943,,
63,10.1021/acs.analchem.6b04161,2,Tian Autumn Qiu,Christy Haynes,10/6/18,12/26/16,Gold,0,0,0,0,0,1,0,0,0,0,0,0,0,0,0,0,0,T,4.8,4.8,4.8,PAH,Sphere,0.03,0,7.4,HEPES Buffer,0,Diafiltration,0,15,Yes,Negative,Shewanella oneidensis,MR-1,No,CC,0.01357,,
64,10.1021/acs.analchem.6b04161,2,Tian Autumn Qiu,Christy Haynes,10/6/18,12/26/16,Gold,0,0,0,0,0,1,0,0,0,0,0,0,0,0,0,0,0,T,4.5,4.5,4.5,PAH,Sphere,0,0,7.4,HEPES Buffer,0,1 C H2O,1,15,Yes,Negative,Shewanella oneidensis,MR-1,No,CC,1,,
65,10.1021/acs.analchem.6b04161,2,Tian Autumn Qiu,Christy Haynes,10/6/18,12/26/16,Gold,0,0,0,0,0,1,0,0,0,0,0,0,0,0,0,0,0,T,4.5,4.5,4.5,PAH,Sphere,0.03,0,7.4,HEPES Buffer,0,1 C H2O,1,15,Yes,Negative,Shewanella oneidensis,MR-1,No,CC,0.9975,,
66,10.1021/acs.analchem.6b04161,2,Tian Autumn Qiu,Christy Haynes,10/6/18,12/26/16,Gold,0,0,0,0,0,1,0,0,0,0,0,0,0,0,0,0,0,T,4.5,4.5,4.5,PAH,Sphere,0.0786,0,7.4,HEPES Buffer,0,1 C H2O,1,15,Yes,Negative,Shewanella oneidensis,MR-1,No,CC,1.548,,
67,10.1021/acs.analchem.6b04161,2,Tian Autumn Qiu,Christy Haynes,10/6/18,12/26/16,Gold,0,0,0,0,0,1,0,0,0,0,0,0,0,0,0,0,0,T,4.5,4.5,4.5,PAH,Sphere,0.1311,0,7.4,HEPES Buffer,0,1 C H2O,1,15,Yes,Negative,Shewanella oneidensis,MR-1,No,CC,1.417,,
68,10.1021/acs.analchem.6b04161,2,Tian Autumn Qiu,Christy Haynes,10/6/18,12/26/16,Gold,0,0,0,0,0,1,0,0,0,0,0,0,0,0,0,0,0,T,4.5,4.5,4.5,PAH,Sphere,0.25,0,7.4,HEPES Buffer,0,1 C H2O,1,15,Yes,Negative,Shewanella oneidensis,MR-1,No,CC,0.571,,
69,10.1021/acs.analchem.6b04161,2,Tian Autumn Qiu,Christy Haynes,10/6/18,12/26/16,Gold,0,0,0,0,0,1,0,0,0,0,0,0,0,0,0,0,0,T,4.5,4.5,4.5,PAH,Sphere,0.3,0,7.4,HEPES Buffer,0,1 C H2O,1,15,Yes,Negative,Shewanella oneidensis,MR-1,No,CC,0.08954,,
70,10.1021/acs.analchem.6b04161,2,Tian Autumn Qiu,Christy Haynes,10/6/18,12/26/16,Gold,0,0,0,0,0,1,0,0,0,0,0,0,0,0,0,0,0,T,4.5,4.5,4.5,PAH,Sphere,0.6,0,7.4,HEPES Buffer,0,1 C H2O,1,15,Yes,Negative,Shewanella oneidensis,MR-1,No,CC,0.01116,,
71,10.1021/acs.analchem.6b04161,2,Tian Autumn Qiu,Christy Haynes,10/6/18,12/26/16,Gold,0,0,0,0,0,1,0,0,0,0,0,0,0,0,0,0,0,T,5.1,5.1,5.1,PAH,Sphere,0,0,7.4,HEPES Buffer,0,2 C H2O,2,15,Yes,Negative,Shewanella oneidensis,MR-1,No,CC,1,,
72,10.1021/acs.analchem.6b04161,2,Tian Autumn Qiu,Christy Haynes,10/6/18,12/26/16,Gold,0,0,0,0,0,1,0,0,0,0,0,0,0,0,0,0,0,T,5.1,5.1,5.1,PAH,Sphere,0.3,0,7.4,HEPES Buffer,0,2 C H2O,2,15,Yes,Negative,Shewanella oneidensis,MR-1,No,CC,0.9119,,
73,10.1021/acs.analchem.6b04161,2,Tian Autumn Qiu,Christy Haynes,10/6/18,12/26/16,Gold,0,0,0,0,0,1,0,0,0,0,0,0,0,0,0,0,0,T,5.1,5.1,5.1,PAH,Sphere,0.6,0,7.4,HEPES Buffer,0,2 C H2O,2,15,Yes,Negative,Shewanella oneidensis,MR-1,No,CC,0.6638,,
74,10.1021/acs.analchem.6b04161,2,Tian Autumn Qiu,Christy Haynes,10/6/18,12/26/16,Gold,0,0,0,0,0,1,0,0,0,0,0,0,0,0,0,0,0,T,5.1,5.1,5.1,PAH,Sphere,1.2,0,7.4,HEPES Buffer,0,2 C H2O,2,15,Yes,Negative,Shewanella oneidensis,MR-1,No,CC,0.6573,,
75,10.1021/acs.analchem.6b04161,2,Tian Autumn Qiu,Christy Haynes,10/6/18,12/26/16,Gold,0,0,0,0,0,1,0,0,0,0,0,0,0,0,0,0,0,T,5.1,5.1,5.1,PAH,Sphere,2,0,7.4,HEPES Buffer,0,2 C H2O,2,15,Yes,Negative,Shewanella oneidensis,MR-1,No,CC,0.3244,,
76,10.1039/c5sc00792e,2,Vivian Feng,Vivian Feng,1/22/19,6/15/15,Gold,0,0,0,0,0,1,0,0,0,0,0,0,0,0,0,0,0,T,4.7,4.7,4.7,PAH,Sphere,0,0,7.4,HEPES Buffer,0,1 C H2O,1,10,Yes,Negative,Shewanella oneidensis,MR-1,No,CC,1,,
77,10.1039/c5sc00792e,2,Vivian Feng,Vivian Feng,1/22/19,6/15/15,Gold,0,0,0,0,0,1,0,0,0,0,0,0,0,0,0,0,0,T,4.7,4.7,4.7,PAH,Sphere,0.000005,0,7.4,HEPES Buffer,0,1 C H2O,1,10,Yes,Negative,Shewanella oneidensis,MR-1,No,CC,0.929347826,,
78,10.1039/c5sc00792e,2,Vivian Feng,Vivian Feng,1/22/19,6/15/15,Gold,0,0,0,0,0,1,0,0,0,0,0,0,0,0,0,0,0,T,4.7,4.7,4.7,PAH,Sphere,0.00005,0,7.4,HEPES Buffer,0,1 C H2O,1,10,Yes,Negative,Shewanella oneidensis,MR-1,No,CC,0.763748706,,
79,10.1039/c5sc00792e,2,Vivian Feng,Vivian Feng,1/22/19,6/15/15,Gold,0,0,0,0,0,1,0,0,0,0,0,0,0,0,0,0,0,T,4.7,4.7,4.7,PAH,Sphere,0.0005,0,7.4,HEPES Buffer,0,1 C H2O,1,10,Yes,Negative,Shewanella oneidensis,MR-1,No,CC,0.354921659,,
80,10.1039/c5sc00792e,2,Vivian Feng,Vivian Feng,1/22/19,6/15/15,Gold,0,0,0,0,0,1,0,0,0,0,0,0,0,0,0,0,0,T,4.7,4.7,4.7,PAH,Sphere,0,0,7.4,HEPES Buffer,0,1 C H2O,1,10,Yes,Positive,Bacillus subtilis,SB 491,No,CC,1,,
81,10.1039/c5sc00792e,2,Vivian Feng,Vivian Feng,1/22/19,6/15/15,Gold,0,0,0,0,0,1,0,0,0,0,0,0,0,0,0,0,0,T,4.7,4.7,4.7,PAH,Sphere,0.000005,0,7.4,HEPES Buffer,0,1 C H2O,1,10,Yes,Positive,Bacillus subtilis,SB 491,No,CC,0.908026756,,
82,10.1039/c5sc00792e,2,Vivian Feng,Vivian Feng,1/22/19,6/15/15,Gold,0,0,0,0,0,1,0,0,0,0,0,0,0,0,0,0,0,T,4.7,4.7,4.7,PAH,Sphere,0.00005,0,7.4,HEPES Buffer,0,1 C H2O,1,10,Yes,Positive,Bacillus subtilis,SB 491,No,CC,0.06270903,,
83,10.1039/c5sc00792e,2,Vivian Feng,Vivian Feng,1/22/19,6/15/15,Gold,0,0,0,0,0,1,0,0,0,0,0,0,0,0,0,0,0,T,4.7,4.7,4.7,PAH,Sphere,0.0005,0,7.4,HEPES Buffer,0,1 C H2O,1,10,Yes,Positive,Bacillus subtilis,SB 491,No,CC,0.06270903,,
84,10.1039/c5sc00792e,2,Vivian Feng,Vivian Feng,1/22/19,6/15/15,Gold,0,0,0,0,0,1,0,0,0,0,0,0,0,0,0,0,0,T,8.9,8.9,8.9,MPNH2,Sphere,0,0,7.4,HEPES Buffer,0,Diafiltration,0,10,Yes,Negative,Shewanella oneidensis,MR-1,No,CC,1,,
85,10.1039/c5sc00792e,2,Vivian Feng,Vivian Feng,1/22/19,6/15/15,Gold,0,0,0,0,0,1,0,0,0,0,0,0,0,0,0,0,0,T,8.9,8.9,8.9,MPNH2,Sphere,0.00005,0,7.4,HEPES Buffer,0,Diafiltration,0,10,Yes,Negative,Shewanella oneidensis,MR-1,No,CC,0.703066567,,
86,10.1039/c5sc00792e,2,Vivian Feng,Vivian Feng,1/22/19,6/15/15,Gold,0,0,0,0,0,1,0,0,0,0,0,0,0,0,0,0,0,T,8.9,8.9,8.9,MPNH2,Sphere,0.0005,0,7.4,HEPES Buffer,0,Diafiltration,0,10,Yes,Negative,Shewanella oneidensis,MR-1,No,CC,0.785340314,,
87,10.1039/c5sc00792e,2,Vivian Feng,Vivian Feng,1/22/19,6/15/15,Gold,0,0,0,0,0,1,0,0,0,0,0,0,0,0,0,0,0,T,8.9,8.9,8.9,MPNH2,Sphere,0.005,0,7.4,HEPES Buffer,0,Diafiltration,0,10,Yes,Negative,Shewanella oneidensis,MR-1,No,CC,0.564697083,,
88,10.1039/c5sc00792e,2,Vivian Feng,Vivian Feng,1/22/19,6/15/15,Gold,0,0,0,0,0,1,0,0,0,0,0,0,0,0,0,0,0,T,8.9,8.9,8.9,MPNH2,Sphere,0,0,7.4,HEPES Buffer,0,Diafiltration,0,10,Yes,Positive,Bacillus subtilis,SB 491,No,CC,1,,
89,10.1039/c5sc00792e,2,Vivian Feng,Vivian Feng,1/22/19,6/15/15,Gold,0,0,0,0,0,1,0,0,0,0,0,0,0,0,0,0,0,T,8.9,8.9,8.9,MPNH2,Sphere,0.00005,0,7.4,HEPES Buffer,0,Diafiltration,0,10,Yes,Positive,Bacillus subtilis,SB 491,No,CC,0.904097731,,
90,10.1039/c5sc00792e,2,Vivian Feng,Vivian Feng,1/22/19,6/15/15,Gold,0,0,0,0,0,1,0,0,0,0,0,0,0,0,0,0,0,T,8.9,8.9,8.9,MPNH2,Sphere,0.0005,0,7.4,HEPES Buffer,0,Diafiltration,0,10,Yes,Positive,Bacillus subtilis,SB 491,No,CC,0.967215612,,
91,10.1039/c5sc00792e,2,Vivian Feng,Vivian Feng,1/22/19,6/15/15,Gold,0,0,0,0,0,1,0,0,0,0,0,0,0,0,0,0,0,T,8.9,8.9,8.9,MPNH2,Sphere,0.005,0,7.4,HEPES Buffer,0,Diafiltration,0,10,Yes,Positive,Bacillus subtilis,SB 491,No,CC,0.641707124,,
92,10.1039/c5sc00792e,2,Vivian Feng,Vivian Feng,1/22/19,6/15/15,Gold,0,0,0,0,0,1,0,0,0,0,0,0,0,0,0,0,0,T,4.2,4.2,4.2,MPA,Sphere,0.005,0,7.4,HEPES Buffer,0,Diafiltration,0,10,Yes,Positive,Bacillus subtilis,SB 491,No,CC,1,,
93,10.1039/c5sc00792e,2,Vivian Feng,Vivian Feng,1/22/19,6/15/15,Gold,0,0,0,0,0,1,0,0,0,0,0,0,0,0,0,0,0,T,4.2,4.2,4.2,MPA,Sphere,0.005,0,7.4,HEPES Buffer,0,Diafiltration,0,10,Yes,Negative,Shewanella oneidensis,MR-1,No,CC,1,,
94,10.1039/c5sc00792e,2,Vivian Feng,Vivian Feng,1/22/19,6/15/15,Gold,0,0,0,0,0,1,0,0,0,0,0,0,0,0,0,0,0,T,8.9,8.9,8.9,MPNH2,Sphere,0.05,0,7.4,HEPES Buffer,0,Diafiltration,0,10,Yes,Positive,Bacillus subtilis,SB 491,No,CC,0.917,,
95,10.1039/c5sc00792e,2,Vivian Feng,Vivian Feng,1/22/19,6/15/15,Gold,0,0,0,0,0,1,0,0,0,0,0,0,0,0,0,0,0,T,8.9,8.9,8.9,MPNH2,Sphere,0.5,0,7.4,HEPES Buffer,0,Diafiltration,0,10,Yes,Positive,Bacillus subtilis,SB 491,No,CC,0.872,,
96,10.1039/c5sc00792e,2,Vivian Feng,Vivian Feng,1/22/19,6/15/15,Gold,0,0,0,0,0,1,0,0,0,0,0,0,0,0,0,0,0,T,8.9,8.9,8.9,MPNH2,Sphere,5,0,7.4,HEPES Buffer,0,Diafiltration,0,10,Yes,Positive,Bacillus subtilis,SB 491,No,CC,0.4687,,
97,10.1039/c5sc00792e,2,Vivian Feng,Vivian Feng,1/22/19,6/15/15,Gold,0,0,0,0,0,1,0,0,0,0,0,0,0,0,0,0,0,T,8.9,8.9,8.9,MPNH2,Sphere,10,0,7.4,HEPES Buffer,0,Diafiltration,0,10,Yes,Positive,Bacillus subtilis,SB 491,No,CC,0.217,,
98,10.1039/c7en00832e,Table 3,Clyde Daly,Christy Haynes,2/1/19,12/20/17,Gold,0,0,0,0,0,1,0,0,0,0,0,0,0,0,0,0,0,T,4.2,4.2,4.2,PAH,Sphere,0.0281,0,7.4,HEPES Buffer,0,1 C H2O,1,10,Yes,Negative,Azotobacter vinelandii,UW,No,CC,0,,
99,10.1039/c7en00832e,Table 3,Clyde Daly,Christy Haynes,2/1/19,12/20/17,Gold,0,0,0,0,0,1,0,0,0,0,0,0,0,0,0,0,0,T,4.2,4.2,4.2,PAH,Sphere,0.0281,0,7.4,HEPES Buffer,0,1 C H2O,1,10,Yes,Negative,Pseudomonas aeruginosa,PAO1,No,CC,0,,
100,10.1039/c7en00832e,Table 3,Clyde Daly,Christy Haynes,2/1/19,12/20/17,Gold,0,0,0,0,0,1,0,0,0,0,0,0,0,0,0,0,0,T,4.2,4.2,4.2,PAH,Sphere,0.281,0,7.4,HEPES Buffer,0,1 C H2O,1,10,Yes,Negative,Shewanella oneidensis,MR-4,No,CC,0,,
101,10.1039/c7en00832e,Table 3,Clyde Daly,Christy Haynes,2/1/19,12/20/17,Gold,0,0,0,0,0,1,0,0,0,0,0,0,0,0,0,0,0,T,4.2,4.2,4.2,PAH,Sphere,2.09,0,7.4,HEPES Buffer,0,1 C H2O,1,10,Yes,Negative,Acinetobacter baylyi,ADP1,No,CC,0,,
102,10.1016/j.carbon.2017.12.004,7,Bo Zhi,Christy Haynes,1/31/19,12/2/17,Carbon Dot,0.469783,0.139067,0.003208,0,0,0,0,0,0,0,0.359575,0,0,0,0.000517,0.052075,0,F,3.7,7.8,7.8,None,Ellipsoid,0,0,7.4,HEPES Buffer,0,None,0,15,Yes,Negative,Shewanella oneidensis,MR-1,No,CC,1,,
103,10.1016/j.carbon.2017.12.004,7,Bo Zhi,Christy Haynes,1/31/19,12/2/17,Carbon Dot,0.469783,0.139067,0.003208,0,0,0,0,0,0,0,0.359575,0,0,0,0.000517,0.052075,0,F,3.7,7.8,7.8,None,Ellipsoid,5000,0,7.4,HEPES Buffer,0,None,0,15,Yes,Negative,Shewanella oneidensis,MR-1,No,CC,1.27788,,
104,10.1016/j.carbon.2017.12.004,7,Bo Zhi,Christy Haynes,1/31/19,12/2/17,Carbon Dot,0.445133,0.138867,0.0224,0,0,0,0,0,0,0,0.3252,0,0,0,0.000133,0.0683,0,F,3.7,6.5,6.5,None,Ellipsoid,5000,0,7.4,HEPES Buffer,0,None,0,15,Yes,Negative,Shewanella oneidensis,MR-1,No,CC,1.49847,,
105,10.1016/j.carbon.2017.12.004,7,Bo Zhi,Christy Haynes,1/31/19,12/2/17,Carbon Dot,0.4291,0.1148,0.055333,0,0,0,0,0,0,0,0.2593,0,0,0,0.000333,0.141167,0,F,3.7,6.9,6.9,None,Ellipsoid,5000,0,7.4,HEPES Buffer,0,None,0,15,Yes,Negative,Shewanella oneidensis,MR-1,No,CC,1.5220075,,
106,10.1016/j.carbon.2017.12.004,7,Bo Zhi,Christy Haynes,1/31/19,12/2/17,Carbon Dot,0.448433,0.1153,0.0522,0,0,0,0,0,0,0,0.269433,0,0,0,0.0004,0.114267,0,F,3.7,6.3,6.3,None,Ellipsoid,5000,0,7.4,HEPES Buffer,0,None,0,15,Yes,Negative,Shewanella oneidensis,MR-1,No,CC,1.1882025,,
107,10.1016/j.carbon.2017.12.004,7,Bo Zhi,Christy Haynes,1/31/19,12/2/17,Carbon Dot,0.3808,0.1032,0.114867,0,0,0,0,0,0,0,0.316067,0,0,0,0.0007,0.084333,0,F,3.7,7.1,7.1,None,Ellipsoid,5000,0,7.4,HEPES Buffer,0,None,0,15,Yes,Negative,Shewanella oneidensis,MR-1,No,CC,1.640025,,
108,10.1016/j.carbon.2017.12.004,7,Bo Zhi,Christy Haynes,1/31/19,12/2/17,Carbon Dot,0.469783,0.139067,0.003208,0,0,0,0,0,0,0,0.359575,0,0,0,0.000517,0.052075,0,F,3.7,7.8,7.8,None,Ellipsoid,0,0,7.4,HEPES Buffer,0,None,0,60,Yes,Negative,Shewanella oneidensis,MR-1,No,CC,1.000000833,,
109,10.1016/j.carbon.2017.12.004,7,Bo Zhi,Christy Haynes,1/31/19,12/2/17,Carbon Dot,0.469783,0.139067,0.003208,0,0,0,0,0,0,0,0.359575,0,0,0,0.000517,0.052075,0,F,3.7,7.8,7.8,None,Ellipsoid,5000,0,7.4,HEPES Buffer,0,None,0,60,Yes,Negative,Shewanella oneidensis,MR-1,No,CC,0.93985,,
110,10.1016/j.carbon.2017.12.004,7,Bo Zhi,Christy Haynes,1/31/19,12/2/17,Carbon Dot,0.445133,0.138867,0.0224,0,0,0,0,0,0,0,0.3252,0,0,0,0.000133,0.0683,0,F,3.7,6.5,6.5,None,Ellipsoid,5000,0,7.4,HEPES Buffer,0,None,0,60,Yes,Negative,Shewanella oneidensis,MR-1,No,CC,2.0154625,,
111,10.1016/j.carbon.2017.12.004,7,Bo Zhi,Christy Haynes,1/31/19,12/2/17,Carbon Dot,0.4291,0.1148,0.055333,0,0,0,0,0,0,0,0.2593,0,0,0,0.000333,0.141167,0,F,3.7,6.9,6.9,None,Ellipsoid,5000,0,7.4,HEPES Buffer,0,None,0,60,Yes,Negative,Shewanella oneidensis,MR-1,No,CC,2.08763,,
112,10.1016/j.carbon.2017.12.004,7,Bo Zhi,Christy Haynes,1/31/19,12/2/17,Carbon Dot,0.448433,0.1153,0.0522,0,0,0,0,0,0,0,0.269433,0,0,0,0.0004,0.114267,0,F,3.7,6.3,6.3,None,Ellipsoid,5000,0,7.4,HEPES Buffer,0,None,0,60,Yes,Negative,Shewanella oneidensis,MR-1,No,CC,1.50284,,
113,10.1016/j.carbon.2017.12.004,7,Bo Zhi,Christy Haynes,1/31/19,12/2/17,Carbon Dot,0.3808,0.1032,0.114867,0,0,0,0,0,0,0,0.316067,0,0,0,0.0007,0.084333,0,F,3.7,7.1,7.1,None,Ellipsoid,5000,0,7.4,HEPES Buffer,0,None,0,60,Yes,Negative,Shewanella oneidensis,MR-1,No,CC,1.146675,,
114,10.1016/j.carbon.2017.12.004,7,Bo Zhi,Christy Haynes,1/31/19,12/2/17,Carbon Dot,0.461709,0.135717,0.005333,0,0,0,0,0,0,0,0.304234,0,0,0,0.000683,0.092309,0,F,3.5,5.5,5.5,None,Ellipsoid,0,0,7.4,HEPES Buffer,0,None,0,15,Yes,Negative,Shewanella oneidensis,MR-1,No,CC,1,,
115,10.1016/j.carbon.2017.12.004,7,Bo Zhi,Christy Haynes,1/31/19,12/2/17,Carbon Dot,0.461709,0.135717,0.005333,0,0,0,0,0,0,0,0.304234,0,0,0,0.000683,0.092309,0,F,3.5,5.5,5.5,None,Ellipsoid,5000,0,7.4,HEPES Buffer,0,None,0,15,Yes,Negative,Shewanella oneidensis,MR-1,No,CC,1.5596175,,
116,10.1016/j.carbon.2017.12.004,7,Bo Zhi,Christy Haynes,1/31/19,12/2/17,Carbon Dot,0.463367,0.1453,0.0201,0,0,0,0,0,0,0,0.293633,0,0,0,0.001833,0.075733,0,F,3.5,8.1,8.1,None,Ellipsoid,5000,0,7.4,HEPES Buffer,0,None,0,15,Yes,Negative,Shewanella oneidensis,MR-1,No,CC,1.5092625,,
117,10.1016/j.carbon.2017.12.004,7,Bo Zhi,Christy Haynes,1/31/19,12/2/17,Carbon Dot,0.4178,0.132667,0.053167,0,0,0,0,0,0,0,0.2837,0,0,0,0.000633,0.111967,0,F,3.5,7.9,7.9,None,Ellipsoid,5000,0,7.4,HEPES Buffer,0,None,0,15,Yes,Negative,Shewanella oneidensis,MR-1,No,CC,1.744195,,
118,10.1016/j.carbon.2017.12.004,7,Bo Zhi,Christy Haynes,1/31/19,12/2/17,Carbon Dot,0.390833,0.127967,0.0709,0,0,0,0,0,0,0,0.268033,0,0,0,0.000733,0.1416,0,F,3.5,5.8,5.8,None,Ellipsoid,5000,0,7.4,HEPES Buffer,0,None,0,15,Yes,Negative,Shewanella oneidensis,MR-1,No,CC,1.7328625,,
119,10.1016/j.carbon.2017.12.004,7,Bo Zhi,Christy Haynes,1/31/19,12/2/17,Carbon Dot,0.3629,0.1247,0.083067,0,0,0,0,0,0,0,0.2833,0,0,0,0.0016,0.142067,0,F,3.5,7.3,7.3,None,Ellipsoid,5000,0,7.4,HEPES Buffer,0,None,0,15,Yes,Negative,Shewanella oneidensis,MR-1,No,CC,1.63724375,,
120,10.1016/j.carbon.2017.12.004,7,Bo Zhi,Christy Haynes,1/31/19,12/2/17,Carbon Dot,0.461709,0.135717,0.005333,0,0,0,0,0,0,0,0.304234,0,0,0,0.000683,0.092309,0,F,3.5,5.5,5.5,None,Ellipsoid,0,0,7.4,HEPES Buffer,0,None,0,60,Yes,Negative,Shewanella oneidensis,MR-1,No,CC,1,,
121,10.1016/j.carbon.2017.12.004,7,Bo Zhi,Christy Haynes,1/31/19,12/2/17,Carbon Dot,0.461709,0.135717,0.005333,0,0,0,0,0,0,0,0.304234,0,0,0,0.000683,0.092309,0,F,3.5,5.5,5.5,None,Ellipsoid,5000,0,7.4,HEPES Buffer,0,None,0,60,Yes,Negative,Shewanella oneidensis,MR-1,No,CC,1.42645,,
122,10.1016/j.carbon.2017.12.004,7,Bo Zhi,Christy Haynes,1/31/19,12/2/17,Carbon Dot,0.463367,0.1453,0.0201,0,0,0,0,0,0,0,0.293633,0,0,0,0.001833,0.075733,0,F,3.5,8.1,8.1,None,Ellipsoid,5000,0,7.4,HEPES Buffer,0,None,0,60,Yes,Negative,Shewanella oneidensis,MR-1,No,CC,1.5463225,,
123,10.1016/j.carbon.2017.12.004,7,Bo Zhi,Christy Haynes,1/31/19,12/2/17,Carbon Dot,0.4178,0.132667,0.053167,0,0,0,0,0,0,0,0.2837,0,0,0,0.000633,0.111967,0,F,3.5,7.9,7.9,None,Ellipsoid,5000,0,7.4,HEPES Buffer,0,None,0,60,Yes,Negative,Shewanella oneidensis,MR-1,No,CC,2.6992525,,
124,10.1016/j.carbon.2017.12.004,7,Bo Zhi,Christy Haynes,1/31/19,12/2/17,Carbon Dot,0.390833,0.127967,0.0709,0,0,0,0,0,0,0,0.268033,0,0,0,0.000733,0.1416,0,F,3.5,5.8,5.8,None,Ellipsoid,5000,0,7.4,HEPES Buffer,0,None,0,60,Yes,Negative,Shewanella oneidensis,MR-1,No,CC,1.48928,,
125,10.1016/j.carbon.2017.12.004,7,Bo Zhi,Christy Haynes,1/31/19,12/2/17,Carbon Dot,0.3629,0.1247,0.083067,0,0,0,0,0,0,0,0.2833,0,0,0,0.0016,0.142067,0,F,3.5,7.3,7.3,None,Ellipsoid,5000,0,7.4,HEPES Buffer,0,None,0,60,Yes,Negative,Shewanella oneidensis,MR-1,No,CC,0.00014,,
126,10.1021/acsanm.8b01000,8,Sunipa Pramanik ,Christy Haynes,1/31/19,8/10/18,CdSe Core QD,0,0,0,0,0,0,0,0,0,0,0,0.773853719,0.226146281,0,0,0,0,F,3.9,3.9,3.9,None,Sphere,0,0,7.4,HEPES Buffer,0,None,0,15,Yes,Negative,Shewanella oneidensis,MR-1,No,CC,1,,
127,10.1021/acsanm.8b01000,8,Sunipa Pramanik ,Christy Haynes,1/31/19,8/10/18,CdSe Core QD,0,0,0,0,0,0,0,0,0,0,0,0.773853719,0.226146281,0,0,0,0,F,3.9,3.9,3.9,None,Sphere,0.1,0,7.4,HEPES Buffer,0,None,0,15,Yes,Negative,Shewanella oneidensis,MR-1,No,CC,0.498536677,,
128,10.1021/acsanm.8b01000,8,Sunipa Pramanik ,Christy Haynes,1/31/19,8/10/18,CdSe Core QD,0,0,0,0,0,0,0,0,0,0,0,0.773853719,0.226146281,0,0,0,0,F,3.9,3.9,3.9,None,Sphere,0.2,0,7.4,HEPES Buffer,0,None,0,15,Yes,Negative,Shewanella oneidensis,MR-1,No,CC,0.325634808,,
129,10.1021/acsanm.8b01000,8,Sunipa Pramanik ,Christy Haynes,1/31/19,8/10/18,CdSe Core QD,0,0,0,0,0,0,0,0,0,0,0,0.773853719,0.226146281,0,0,0,0,F,3.9,3.9,3.9,None,Sphere,0.5,0,7.4,HEPES Buffer,0,None,0,15,Yes,Negative,Shewanella oneidensis,MR-1,No,CC,0.213717359,,
130,10.1021/acsanm.8b01000,8,Sunipa Pramanik ,Christy Haynes,1/31/19,8/10/18,CdSe Core QD,0,0,0,0,0,0,0,0,0,0,0,0.8017366,0.126389107,0,0,0,0.071874293,F,4.2,4.2,4.2,None,Sphere,0,0,7.4,HEPES Buffer,0,None,0,15,Yes,Negative,Shewanella oneidensis,MR-1,No,CC,1,,
131,10.1021/acsanm.8b01000,8,Sunipa Pramanik ,Christy Haynes,1/31/19,8/10/18,CdSe Core QD,0,0,0,0,0,0,0,0,0,0,0,0.8017366,0.126389107,0,0,0,0.071874293,F,4.2,4.2,4.2,None,Sphere,0.1,0,7.4,HEPES Buffer,0,None,0,15,Yes,Negative,Shewanella oneidensis,MR-1,No,CC,0.358154797,,
132,10.1021/acsanm.8b01000,8,Sunipa Pramanik ,Christy Haynes,1/31/19,8/10/18,CdSe Core QD,0,0,0,0,0,0,0,0,0,0,0,0.8017366,0.126389107,0,0,0,0.071874293,F,4.2,4.2,4.2,None,Sphere,0.2,0,7.4,HEPES Buffer,0,None,0,15,Yes,Negative,Shewanella oneidensis,MR-1,No,CC,0.182865861,,
133,10.1021/acsanm.8b01000,8,Sunipa Pramanik ,Christy Haynes,1/31/19,8/10/18,CdSe Core QD,0,0,0,0,0,0,0,0,0,0,0,0.8017366,0.126389107,0,0,0,0.071874293,F,4.2,4.2,4.2,None,Sphere,0.5,0,7.4,HEPES Buffer,0,None,0,15,Yes,Negative,Shewanella oneidensis,MR-1,No,CC,0.072075613,,
134,10.1021/acsanm.8b01000,8,Sunipa Pramanik ,Christy Haynes,1/31/19,8/10/18,CdSe Core QD,0,0,0,0,0,0,0,0,0,0,0,0.577072762,0.146197215,0,0,0,0.276730023,F,5,5,5,None,Sphere,0,0,7.4,HEPES Buffer,0,None,0,15,Yes,Negative,Shewanella oneidensis,MR-1,No,CC,1,,
135,10.1021/acsanm.8b01000,8,Sunipa Pramanik ,Christy Haynes,1/31/19,8/10/18,CdSe Core QD,0,0,0,0,0,0,0,0,0,0,0,0.577072762,0.146197215,0,0,0,0.276730023,F,5,5,5,None,Sphere,0.1,0,7.4,HEPES Buffer,0,None,0,15,Yes,Negative,Shewanella oneidensis,MR-1,No,CC,0.18448851,,
136,10.1021/acsanm.8b01000,8,Sunipa Pramanik ,Christy Haynes,1/31/19,8/10/18,CdSe Core QD,0,0,0,0,0,0,0,0,0,0,0,0.577072762,0.146197215,0,0,0,0.276730023,F,5,5,5,None,Sphere,0.2,0,7.4,HEPES Buffer,0,None,0,15,Yes,Negative,Shewanella oneidensis,MR-1,No,CC,0.076615394,,
137,10.1021/acsanm.8b01000,8,Sunipa Pramanik ,Christy Haynes,1/31/19,8/10/18,CdSe Core QD,0,0,0,0,0,0,0,0,0,0,0,0.577072762,0.146197215,0,0,0,0.276730023,F,5,5,5,None,Sphere,0.5,0,7.4,HEPES Buffer,0,None,0,15,Yes,Negative,Shewanella oneidensis,MR-1,No,CC,0.011428218,,
138,10.1021/acsanm.8b01000,8,Sunipa Pramanik ,Christy Haynes,1/31/19,8/10/18,CdSe Core QD,0,0,0,0,0,0,0,0,0,0,0,0.023692943,0.006198679,0,0,0,0.970108379,F,5.9,5.9,5.9,None,Sphere,0,0,7.4,HEPES Buffer,0,None,0,15,Yes,Negative,Shewanella oneidensis,MR-1,No,CC,1,,
139,10.1021/acsanm.8b01000,8,Sunipa Pramanik ,Christy Haynes,1/31/19,8/10/18,CdSe Core QD,0,0,0,0,0,0,0,0,0,0,0,0.023692943,0.006198679,0,0,0,0.970108379,F,5.9,5.9,5.9,None,Sphere,0.1,0,7.4,HEPES Buffer,0,None,0,15,Yes,Negative,Shewanella oneidensis,MR-1,No,CC,0.024295313,,
140,10.1021/acsanm.8b01000,8,Sunipa Pramanik ,Christy Haynes,1/31/19,8/10/18,CdSe Core QD,0,0,0,0,0,0,0,0,0,0,0,0.023692943,0.006198679,0,0,0,0.970108379,F,5.9,5.9,5.9,None,Sphere,0.2,0,7.4,HEPES Buffer,0,None,0,15,Yes,Negative,Shewanella oneidensis,MR-1,No,CC,0.00204918,,
141,10.1021/acsanm.8b01000,8,Sunipa Pramanik ,Christy Haynes,1/31/19,8/10/18,CdSe Core QD,0,0,0,0,0,0,0,0,0,0,0,0.023692943,0.006198679,0,0,0,0.970108379,F,5.9,5.9,5.9,None,Sphere,0.5,0,7.4,HEPES Buffer,0,None,0,15,Yes,Negative,Shewanella oneidensis,MR-1,No,CC,0.00307377,,
142,https://doi.org/10.1080/17435390.2018.1508785 ,2,Eric Melby,Gayla Orr,1/31/19,7/27/18,LCO,0,0,0,0,0,0,0.25,0,0.25,0,0.5,0,0,0,0,0,0,T,5,30,50,None,Sheet,0,0,7.6,Leibovitz’s L-15 media,0,Washing,0,180,No,None,Oncorhynchus mykiss,RTgill-W1,No,CC,1,,
143,https://doi.org/10.1080/17435390.2018.1508785 ,2,Eric Melby,Gayla Orr,1/31/19,7/27/18,LCO,0,0,0,0,0,0,0.25,0,0.25,0,0.5,0,0,0,0,0,0,T,5,30,50,None,Sheet,1,0,7.6,Leibovitz’s L-15 media,0,Washing,0,180,No,None,Oncorhynchus mykiss,RTgill-W1,No,CC,1.00114607,,
144,https://doi.org/10.1080/17435390.2018.1508785 ,2,Eric Melby,Gayla Orr,1/31/19,7/27/18,LCO,0,0,0,0,0,0,0.25,0,0.25,0,0.5,0,0,0,0,0,0,T,5,30,50,None,Sheet,10,0,7.6,Leibovitz’s L-15 media,0,Washing,0,180,No,None,Oncorhynchus mykiss,RTgill-W1,No,CC,1.012739468,,
145,https://doi.org/10.1080/17435390.2018.1508785 ,2,Eric Melby,Gayla Orr,1/31/19,7/27/18,LCO,0,0,0,0,0,0,0.25,0,0.25,0,0.5,0,0,0,0,0,0,T,5,30,50,None,Sheet,50,0,7.6,Leibovitz’s L-15 media,0,Washing,0,180,No,None,Oncorhynchus mykiss,RTgill-W1,No,CC,1.001906095,,
146,https://doi.org/10.1080/17435390.2018.1508785 ,2,Eric Melby,Gayla Orr,1/31/19,7/27/18,LCO,0,0,0,0,0,0,0.25,0,0.25,0,0.5,0,0,0,0,0,0,T,5,30,50,None,Sheet,100,0,7.6,Leibovitz’s L-15 media,0,Washing,0,180,No,None,Oncorhynchus mykiss,RTgill-W1,No,CC,0.98896154,,
147,https://doi.org/10.1080/17435390.2018.1508785 ,2,Eric Melby,Gayla Orr,1/31/19,7/27/18,LCP,0,0,0.142857143,0,0,0,0.142857143,0,0.142857143,0,0.571428571,0,0,0,0,0,0,F,5,100,500,None,Sheet,0,0,7.6,Leibovitz’s L-15 media,0,Washing,0,180,No,None,Oncorhynchus mykiss,RTgill-W1,No,CC,1,,
148,https://doi.org/10.1080/17435390.2018.1508785 ,2,Eric Melby,Gayla Orr,1/31/19,7/27/18,LCP,0,0,0.142857143,0,0,0,0.142857143,0,0.142857143,0,0.571428571,0,0,0,0,0,0,F,5,100,500,None,Sheet,1,0,7.6,Leibovitz’s L-15 media,0,Washing,0,180,No,None,Oncorhynchus mykiss,RTgill-W1,No,CC,0.980830478,,
149,https://doi.org/10.1080/17435390.2018.1508785 ,2,Eric Melby,Gayla Orr,1/31/19,7/27/18,LCP,0,0,0.142857143,0,0,0,0.142857143,0,0.142857143,0,0.571428571,0,0,0,0,0,0,F,5,100,500,None,Sheet,10,0,7.6,Leibovitz’s L-15 media,0,Washing,0,180,No,None,Oncorhynchus mykiss,RTgill-W1,No,CC,0.939197993,,
150,https://doi.org/10.1080/17435390.2018.1508785 ,2,Eric Melby,Gayla Orr,1/31/19,7/27/18,LCP,0,0,0.142857143,0,0,0,0.142857143,0,0.142857143,0,0.571428571,0,0,0,0,0,0,F,5,100,500,None,Sheet,50,0,7.6,Leibovitz’s L-15 media,0,Washing,0,180,No,None,Oncorhynchus mykiss,RTgill-W1,No,CC,0.783067123,,
151,https://doi.org/10.1080/17435390.2018.1508785 ,2,Eric Melby,Gayla Orr,1/31/19,7/27/18,LCP,0,0,0.142857143,0,0,0,0.142857143,0,0.142857143,0,0.571428571,0,0,0,0,0,0,F,5,100,500,None,Sheet,100,0,7.6,Leibovitz’s L-15 media,0,Washing,0,180,No,None,Oncorhynchus mykiss,RTgill-W1,No,CC,0.692889543,,
152,10.1016/j.chemosphere.2016.10.085,N/A - Page 1163,Clyde Daly,"Haynes, Klaper",4/22/19,11/4/16,Titania,0,0,0,0,0.333333333,0,0,0,0,0,0.666666667,0,0,0,0,0,0,T,20,20,20,None,Amorphous,100,0,7,LB Broth,0,Dialysis,0,30,Yes,Negative,Shewanella oneidensis,MR-1,No,VCA,1,,
153,http://dx.doi.org/10.1039/C9EN01074B,2,Joseph T. Buchman,Christy Haynes,2/25/19,12/23/19,NMC,0,0,0,0,0,0,0.25,0.085,0.0825,0.0825,0.5,0,0,0,0,0,0,T,5,70,70,None,Sheet,0,114,7.4,Minimal Medium,0,"2 C H2O,  3 C MeOH",5,180,Yes,Negative,Shewanella oneidensis,MR-1,No,GVB,1.368333333,,
154,http://dx.doi.org/10.1039/C9EN01074B,2,Joseph T. Buchman,Christy Haynes,2/25/19,12/23/19,NMC,0,0,0,0,0,0,0.25,0.085,0.0825,0.0825,0.5,0,0,0,0,0,0,T,5,70,70,None,Sheet,0.001562281,114,7.4,Minimal Medium,0,"2 C H2O,  3 C MeOH",5,180,Yes,Negative,Shewanella oneidensis,MR-1,No,GVB,0.705,,
155,http://dx.doi.org/10.1039/C9EN01074B,2,Joseph T. Buchman,Christy Haynes,2/25/19,12/23/19,NMC,0,0,0,0,0,0,0.25,0.085,0.0825,0.0825,0.5,0,0,0,0,0,0,T,5,70,70,None,Sheet,0.003123684,114,7.4,Minimal Medium,0,"2 C H2O,  3 C MeOH",5,180,Yes,Negative,Shewanella oneidensis,MR-1,No,GVB,0.515,,
156,http://dx.doi.org/10.1039/C9EN01074B,2,Joseph T. Buchman,Christy Haynes,2/25/19,12/23/19,NMC,0,0,0,0,0,0,0.25,0.085,0.0825,0.0825,0.5,0,0,0,0,0,0,T,5,70,70,None,Sheet,0.006247368,114,7.4,Minimal Medium,0,"2 C H2O,  3 C MeOH",5,180,Yes,Negative,Shewanella oneidensis,MR-1,No,GVB,0.405,,
157,http://dx.doi.org/10.1039/C9EN01074B,2,Joseph T. Buchman,Christy Haynes,2/25/19,12/23/19,NMC,0,0,0,0,0,0,0.25,0.085,0.0825,0.0825,0.5,0,0,0,0,0,0,T,5,70,70,None,Sheet,0.012495614,114,7.4,Minimal Medium,0,"2 C H2O,  3 C MeOH",5,180,Yes,Negative,Shewanella oneidensis,MR-1,No,GVB,0.32,,
158,http://dx.doi.org/10.1039/C9EN01074B,2,Joseph T. Buchman,Christy Haynes,2/25/19,12/23/19,NMC,0,0,0,0,0,0,0.25,0.085,0.0825,0.0825,0.5,0,0,0,0,0,0,T,5,70,70,None,Sheet,0.024991228,114,7.4,Minimal Medium,0,"2 C H2O,  3 C MeOH",5,180,Yes,Negative,Shewanella oneidensis,MR-1,No,GVB,0.241666667,,
159,http://dx.doi.org/10.1039/C9EN01074B,2,Joseph T. Buchman,Christy Haynes,2/25/19,12/23/19,NMC,0,0,0,0,0,0,0.25,0.15,0.05,0.05,0.5,0,0,0,0,0,0,T,5,70,70,None,Sheet,0,107.3,7.4,Minimal Medium,0,"2 C H2O,  3 C MeOH",5,180,Yes,Negative,Shewanella oneidensis,MR-1,No,GVB,1.323333333,,
160,http://dx.doi.org/10.1039/C9EN01074B,2,Joseph T. Buchman,Christy Haynes,2/25/19,12/23/19,NMC,0,0,0,0,0,0,0.25,0.15,0.05,0.05,0.5,0,0,0,0,0,0,T,5,70,70,None,Sheet,0.001561976,107.3,7.4,Minimal Medium,0,"2 C H2O,  3 C MeOH",5,180,Yes,Negative,Shewanella oneidensis,MR-1,No,GVB,0.94,,
161,http://dx.doi.org/10.1039/C9EN01074B,2,Joseph T. Buchman,Christy Haynes,2/25/19,12/23/19,NMC,0,0,0,0,0,0,0.25,0.15,0.05,0.05,0.5,0,0,0,0,0,0,T,5,70,70,None,Sheet,0.003124884,107.3,7.4,Minimal Medium,0,"2 C H2O,  3 C MeOH",5,180,Yes,Negative,Shewanella oneidensis,MR-1,No,GVB,0.73,,
162,http://dx.doi.org/10.1039/C9EN01074B,2,Joseph T. Buchman,Christy Haynes,2/25/19,12/23/19,NMC,0,0,0,0,0,0,0.25,0.15,0.05,0.05,0.5,0,0,0,0,0,0,T,5,70,70,None,Sheet,0.006248835,107.3,7.4,Minimal Medium,0,"2 C H2O,  3 C MeOH",5,180,Yes,Negative,Shewanella oneidensis,MR-1,No,GVB,0.541666667,,
163,http://dx.doi.org/10.1039/C9EN01074B,2,Joseph T. Buchman,Christy Haynes,2/25/19,12/23/19,NMC,0,0,0,0,0,0,0.25,0.15,0.05,0.05,0.5,0,0,0,0,0,0,T,5,70,70,None,Sheet,0.01249767,107.3,7.4,Minimal Medium,0,"2 C H2O,  3 C MeOH",5,180,Yes,Negative,Shewanella oneidensis,MR-1,No,GVB,0.43,,
164,http://dx.doi.org/10.1039/C9EN01074B,2,Joseph T. Buchman,Christy Haynes,2/25/19,12/23/19,NMC,0,0,0,0,0,0,0.25,0.15,0.05,0.05,0.5,0,0,0,0,0,0,T,5,70,70,None,Sheet,0.024996272,107.3,7.4,Minimal Medium,0,"2 C H2O,  3 C MeOH",5,180,Yes,Negative,Shewanella oneidensis,MR-1,No,GVB,0.31,,
165,http://dx.doi.org/10.1039/C9EN01074B,2,Joseph T. Buchman,Christy Haynes,2/25/19,12/23/19,NMC,0,0,0,0,0,0,0.25,0.1425,0.0475,0.0575,0.5,0,0,0,0,0,0,T,750,750,750,None,Amorphous,0,0.536,7.4,Minimal Medium,0,"2 C H2O,  3 C MeOH",5,180,Yes,Negative,Shewanella oneidensis,MR-1,No,GVB,1.055,,
166,http://dx.doi.org/10.1039/C9EN01074B,2,Joseph T. Buchman,Christy Haynes,2/25/19,12/23/19,NMC,0,0,0,0,0,0,0.25,0.1425,0.0475,0.0575,0.5,0,0,0,0,0,0,T,750,750,750,None,Amorphous,0.332276119,0.536,7.4,Minimal Medium,0,"2 C H2O,  3 C MeOH",5,180,Yes,Negative,Shewanella oneidensis,MR-1,No,GVB,0.8925,,
167,http://dx.doi.org/10.1039/C9EN01074B,2,Joseph T. Buchman,Christy Haynes,2/25/19,12/23/19,NMC,0,0,0,0,0,0,0.25,0.1425,0.0475,0.0575,0.5,0,0,0,0,0,0,T,750,750,750,None,Amorphous,0.664365672,0.536,7.4,Minimal Medium,0,"2 C H2O,  3 C MeOH",5,180,Yes,Negative,Shewanella oneidensis,MR-1,No,GVB,0.7575,,
168,http://dx.doi.org/10.1039/C9EN01074B,2,Joseph T. Buchman,Christy Haynes,2/25/19,12/23/19,NMC,0,0,0,0,0,0,0.25,0.1425,0.0475,0.0575,0.5,0,0,0,0,0,0,T,750,750,750,None,Amorphous,1.328731343,0.536,7.4,Minimal Medium,0,"2 C H2O,  3 C MeOH",5,180,Yes,Negative,Shewanella oneidensis,MR-1,No,GVB,0.64,,
169,http://dx.doi.org/10.1039/C9EN01074B,2,Joseph T. Buchman,Christy Haynes,2/25/19,12/23/19,NMC,0,0,0,0,0,0,0.25,0.1425,0.0475,0.0575,0.5,0,0,0,0,0,0,T,750,750,750,None,Amorphous,2.657649254,0.536,7.4,Minimal Medium,0,"2 C H2O,  3 C MeOH",5,180,Yes,Negative,Shewanella oneidensis,MR-1,No,GVB,0.4775,,
170,http://dx.doi.org/10.1039/C9EN01074B,2,Joseph T. Buchman,Christy Haynes,2/25/19,12/23/19,NMC,0,0,0,0,0,0,0.25,0.1425,0.0475,0.0575,0.5,0,0,0,0,0,0,T,750,750,750,None,Amorphous,0,0.956,7.4,Minimal Medium,0,"2 C H2O,  3 C MeOH",5,180,Yes,Negative,Shewanella oneidensis,MR-1,No,GVB,1.1375,,
171,http://dx.doi.org/10.1039/C9EN01074B,2,Joseph T. Buchman,Christy Haynes,2/25/19,12/23/19,NMC,0,0,0,0,0,0,0.25,0.1425,0.0475,0.0575,0.5,0,0,0,0,0,0,T,750,750,750,None,Amorphous,0.186297071,0.956,7.4,Minimal Medium,0,"2 C H2O,  3 C MeOH",5,180,Yes,Negative,Shewanella oneidensis,MR-1,No,GVB,0.8775,,
172,http://dx.doi.org/10.1039/C9EN01074B,2,Joseph T. Buchman,Christy Haynes,2/25/19,12/23/19,NMC,0,0,0,0,0,0,0.25,0.1425,0.0475,0.0575,0.5,0,0,0,0,0,0,T,750,750,750,None,Amorphous,0.37248954,0.956,7.4,Minimal Medium,0,"2 C H2O,  3 C MeOH",5,180,Yes,Negative,Shewanella oneidensis,MR-1,No,GVB,0.6975,,
173,http://dx.doi.org/10.1039/C9EN01074B,2,Joseph T. Buchman,Christy Haynes,2/25/19,12/23/19,NMC,0,0,0,0,0,0,0.25,0.1425,0.0475,0.0575,0.5,0,0,0,0,0,0,T,750,750,750,None,Amorphous,0.744979079,0.956,7.4,Minimal Medium,0,"2 C H2O,  3 C MeOH",5,180,Yes,Negative,Shewanella oneidensis,MR-1,No,GVB,0.5175,,
174,http://dx.doi.org/10.1039/C9EN01074B,2,Joseph T. Buchman,Christy Haynes,2/25/19,12/23/19,NMC,0,0,0,0,0,0,0.25,0.1425,0.0475,0.0575,0.5,0,0,0,0,0,0,T,750,750,750,None,Amorphous,1.490062762,0.956,7.4,Minimal Medium,0,"2 C H2O,  3 C MeOH",5,180,Yes,Negative,Shewanella oneidensis,MR-1,No,GVB,0.4425,,
175,http://dx.doi.org/10.1039/C9EN01074B,2,Joseph T. Buchman,Christy Haynes,2/25/19,12/23/19,NMC,0,0,0,0,0,0,0.25,0.085,0.0825,0.0825,0.5,0,0,0,0,0,0,T,5,70,70,None,Sheet,0,114,7.4,MHRW,0,"2 C H2O,  3 C MeOH",5,0,No,None,Daphnia magna ,None,No,ATT,1,,
176,http://dx.doi.org/10.1039/C9EN01074B,2,Joseph T. Buchman,Christy Haynes,2/25/19,12/23/19,NMC,0,0,0,0,0,0,0.25,0.085,0.0825,0.0825,0.5,0,0,0,0,0,0,T,5,70,70,None,Sheet,0.001,114,7.4,MHRW,0,"2 C H2O,  3 C MeOH",5,0,No,None,Daphnia magna ,None,No,ATT,1,,
177,http://dx.doi.org/10.1039/C9EN01074B,2,Joseph T. Buchman,Christy Haynes,2/25/19,12/23/19,NMC,0,0,0,0,0,0,0.25,0.085,0.0825,0.0825,0.5,0,0,0,0,0,0,T,5,70,70,None,Sheet,0.01,114,7.4,MHRW,0,"2 C H2O,  3 C MeOH",5,0,No,None,Daphnia magna ,None,No,ATT,1,,
178,http://dx.doi.org/10.1039/C9EN01074B,2,Joseph T. Buchman,Christy Haynes,2/25/19,12/23/19,NMC,0,0,0,0,0,0,0.25,0.085,0.0825,0.0825,0.5,0,0,0,0,0,0,T,5,70,70,None,Sheet,0.024991228,114,7.4,MHRW,0,"2 C H2O,  3 C MeOH",5,0,No,None,Daphnia magna ,None,No,ATT,1,,
179,http://dx.doi.org/10.1039/C9EN01074B,2,Joseph T. Buchman,Christy Haynes,2/25/19,12/23/19,NMC,0,0,0,0,0,0,0.25,0.085,0.0825,0.0825,0.5,0,0,0,0,0,0,T,5,70,70,None,Sheet,0,114,7.4,MHRW,0,"2 C H2O,  3 C MeOH",5,86400,No,None,Daphnia magna ,None,No,ATT,1,,
180,http://dx.doi.org/10.1039/C9EN01074B,2,Joseph T. Buchman,Christy Haynes,2/25/19,12/23/19,NMC,0,0,0,0,0,0,0.25,0.085,0.0825,0.0825,0.5,0,0,0,0,0,0,T,5,70,70,None,Sheet,0.001,114,7.4,MHRW,0,"2 C H2O,  3 C MeOH",5,86400,No,None,Daphnia magna ,None,No,ATT,1,,
181,http://dx.doi.org/10.1039/C9EN01074B,2,Joseph T. Buchman,Christy Haynes,2/25/19,12/23/19,NMC,0,0,0,0,0,0,0.25,0.085,0.0825,0.0825,0.5,0,0,0,0,0,0,T,5,70,70,None,Sheet,0.01,114,7.4,MHRW,0,"2 C H2O,  3 C MeOH",5,86400,No,None,Daphnia magna ,None,No,ATT,1,,
182,http://dx.doi.org/10.1039/C9EN01074B,2,Joseph T. Buchman,Christy Haynes,2/25/19,12/23/19,NMC,0,0,0,0,0,0,0.25,0.085,0.0825,0.0825,0.5,0,0,0,0,0,0,T,5,70,70,None,Sheet,0.024991228,114,7.4,MHRW,0,"2 C H2O,  3 C MeOH",5,86400,No,None,Daphnia magna ,None,No,ATT,0.95,,
183,http://dx.doi.org/10.1039/C9EN01074B,2,Joseph T. Buchman,Christy Haynes,2/25/19,12/23/19,NMC,0,0,0,0,0,0,0.25,0.085,0.0825,0.0825,0.5,0,0,0,0,0,0,T,5,70,70,None,Sheet,0,114,7.4,MHRW,0,"2 C H2O,  3 C MeOH",5,172800,No,None,Daphnia magna ,None,No,ATT,1,,
184,http://dx.doi.org/10.1039/C9EN01074B,2,Joseph T. Buchman,Christy Haynes,2/25/19,12/23/19,NMC,0,0,0,0,0,0,0.25,0.085,0.0825,0.0825,0.5,0,0,0,0,0,0,T,5,70,70,None,Sheet,0.001,114,7.4,MHRW,0,"2 C H2O,  3 C MeOH",5,172800,No,None,Daphnia magna ,None,No,ATT,0.8,,
185,http://dx.doi.org/10.1039/C9EN01074B,2,Joseph T. Buchman,Christy Haynes,2/25/19,12/23/19,NMC,0,0,0,0,0,0,0.25,0.085,0.0825,0.0825,0.5,0,0,0,0,0,0,T,5,70,70,None,Sheet,0.01,114,7.4,MHRW,0,"2 C H2O,  3 C MeOH",5,172800,No,None,Daphnia magna ,None,No,ATT,0.7,,
186,http://dx.doi.org/10.1039/C9EN01074B,2,Joseph T. Buchman,Christy Haynes,2/25/19,12/23/19,NMC,0,0,0,0,0,0,0.25,0.085,0.0825,0.0825,0.5,0,0,0,0,0,0,T,5,70,70,None,Sheet,0.024991228,114,7.4,MHRW,0,"2 C H2O,  3 C MeOH",5,172800,No,None,Daphnia magna ,None,No,ATT,0.7,,
187,http://dx.doi.org/10.1039/C9EN01074B,2,Joseph T. Buchman,Christy Haynes,2/25/19,12/23/19,NMC,0,0,0,0,0,0,0.25,0.15,0.05,0.05,0.5,0,0,0,0,0,0,T,5,70,70,None,Sheet,0,107.3,7.4,MHRW,0,"2 C H2O,  3 C MeOH",5,0,No,None,Daphnia magna ,None,No,ATT,1,,
188,http://dx.doi.org/10.1039/C9EN01074B,2,Joseph T. Buchman,Christy Haynes,2/25/19,12/23/19,NMC,0,0,0,0,0,0,0.25,0.15,0.05,0.05,0.5,0,0,0,0,0,0,T,5,70,70,None,Sheet,0.001,107.3,7.4,MHRW,0,"2 C H2O,  3 C MeOH",5,0,No,None,Daphnia magna ,None,No,ATT,1,,
189,http://dx.doi.org/10.1039/C9EN01074B,2,Joseph T. Buchman,Christy Haynes,2/25/19,12/23/19,NMC,0,0,0,0,0,0,0.25,0.15,0.05,0.05,0.5,0,0,0,0,0,0,T,5,70,70,None,Sheet,0.01,107.3,7.4,MHRW,0,"2 C H2O,  3 C MeOH",5,0,No,None,Daphnia magna ,None,No,ATT,1,,
190,http://dx.doi.org/10.1039/C9EN01074B,2,Joseph T. Buchman,Christy Haynes,2/25/19,12/23/19,NMC,0,0,0,0,0,0,0.25,0.15,0.05,0.05,0.5,0,0,0,0,0,0,T,5,70,70,None,Sheet,0.024996272,107.3,7.4,MHRW,0,"2 C H2O,  3 C MeOH",5,0,No,None,Daphnia magna ,None,No,ATT,1,,
191,http://dx.doi.org/10.1039/C9EN01074B,2,Joseph T. Buchman,Christy Haynes,2/25/19,12/23/19,NMC,0,0,0,0,0,0,0.25,0.15,0.05,0.05,0.5,0,0,0,0,0,0,T,5,70,70,None,Sheet,0,107.3,7.4,MHRW,0,"2 C H2O,  3 C MeOH",5,86400,No,None,Daphnia magna ,None,No,ATT,1,,
192,http://dx.doi.org/10.1039/C9EN01074B,2,Joseph T. Buchman,Christy Haynes,2/25/19,12/23/19,NMC,0,0,0,0,0,0,0.25,0.15,0.05,0.05,0.5,0,0,0,0,0,0,T,5,70,70,None,Sheet,0.001,107.3,7.4,MHRW,0,"2 C H2O,  3 C MeOH",5,86400,No,None,Daphnia magna ,None,No,ATT,0.95,,
193,http://dx.doi.org/10.1039/C9EN01074B,2,Joseph T. Buchman,Christy Haynes,2/25/19,12/23/19,NMC,0,0,0,0,0,0,0.25,0.15,0.05,0.05,0.5,0,0,0,0,0,0,T,5,70,70,None,Sheet,0.01,107.3,7.4,MHRW,0,"2 C H2O,  3 C MeOH",5,86400,No,None,Daphnia magna ,None,No,ATT,0.85,,
194,http://dx.doi.org/10.1039/C9EN01074B,2,Joseph T. Buchman,Christy Haynes,2/25/19,12/23/19,NMC,0,0,0,0,0,0,0.25,0.15,0.05,0.05,0.5,0,0,0,0,0,0,T,5,70,70,None,Sheet,0.071428571,107.3,7.4,MHRW,0,"2 C H2O,  3 C MeOH",5,86400,No,None,Daphnia magna ,None,No,ATT,0.85,,
195,http://dx.doi.org/10.1039/C9EN01074B,2,Joseph T. Buchman,Christy Haynes,2/25/19,12/23/19,NMC,0,0,0,0,0,0,0.25,0.15,0.05,0.05,0.5,0,0,0,0,0,0,T,5,70,70,None,Sheet,0,107.3,7.4,MHRW,0,"2 C H2O,  3 C MeOH",5,172800,No,None,Daphnia magna ,None,No,ATT,0.95,,
196,http://dx.doi.org/10.1039/C9EN01074B,2,Joseph T. Buchman,Christy Haynes,2/25/19,12/23/19,NMC,0,0,0,0,0,0,0.25,0.15,0.05,0.05,0.5,0,0,0,0,0,0,T,5,70,70,None,Sheet,0.001,107.3,7.4,MHRW,0,"2 C H2O,  3 C MeOH",5,172800,No,None,Daphnia magna ,None,No,ATT,0.65,,
197,http://dx.doi.org/10.1039/C9EN01074B,2,Joseph T. Buchman,Christy Haynes,2/25/19,12/23/19,NMC,0,0,0,0,0,0,0.25,0.15,0.05,0.05,0.5,0,0,0,0,0,0,T,5,70,70,None,Sheet,0.01,107.3,7.4,MHRW,0,"2 C H2O,  3 C MeOH",5,172800,No,None,Daphnia magna ,None,No,ATT,0.45,,
198,http://dx.doi.org/10.1039/C9EN01074B,2,Joseph T. Buchman,Christy Haynes,2/25/19,12/23/19,NMC,0,0,0,0,0,0,0.25,0.15,0.05,0.05,0.5,0,0,0,0,0,0,T,5,70,70,None,Sheet,0.071428571,107.3,7.4,MHRW,0,"2 C H2O,  3 C MeOH",5,172800,No,None,Daphnia magna ,None,No,ATT,0.65,,
199,http://dx.doi.org/10.1039/C9EN01074B,2,Joseph T. Buchman,Christy Haynes,2/25/19,12/23/19,NMC,0,0,0,0,0,0,0.25,0.1425,0.0475,0.0575,0.5,0,0,0,0,0,0,T,750,750,750,None,Amorphous,0,0.536,7.4,MHRW,0,"2 C H2O,  3 C MeOH",5,172800,No,None,Daphnia magna ,None,No,ATT,1,,
200,http://dx.doi.org/10.1039/C9EN01074B,2,Joseph T. Buchman,Christy Haynes,2/25/19,12/23/19,NMC,0,0,0,0,0,0,0.25,0.1425,0.0475,0.0575,0.5,0,0,0,0,0,0,T,750,750,750,None,Amorphous,1.865671642,0.536,7.4,MHRW,0,"2 C H2O,  3 C MeOH",5,172800,No,None,Daphnia magna ,None,No,ATT,1,,
201,http://dx.doi.org/10.1039/C9EN01074B,2,Joseph T. Buchman,Christy Haynes,2/25/19,12/23/19,NMC,0,0,0,0,0,0,0.25,0.1425,0.0475,0.0575,0.5,0,0,0,0,0,0,T,750,750,750,None,Amorphous,18.65671642,0.536,7.4,MHRW,0,"2 C H2O,  3 C MeOH",5,172800,No,None,Daphnia magna ,None,No,ATT,0.95,,
202,http://dx.doi.org/10.1039/C9EN01074B,2,Joseph T. Buchman,Christy Haynes,2/25/19,12/23/19,NMC,0,0,0,0,0,0,0.25,0.1425,0.0475,0.0575,0.5,0,0,0,0,0,0,T,750,750,750,None,Amorphous,46.64179104,0.536,7.4,MHRW,0,"2 C H2O,  3 C MeOH",5,172800,No,None,Daphnia magna ,None,No,ATT,1,,
203,http://dx.doi.org/10.1039/C9EN01074B,2,Joseph T. Buchman,Christy Haynes,2/25/19,12/23/19,NMC,0,0,0,0,0,0,0.25,0.1425,0.0475,0.0575,0.5,0,0,0,0,0,0,T,750,750,750,None,Amorphous,0,0.956,7.4,MHRW,0,"2 C H2O,  3 C MeOH",5,172800,No,None,Daphnia magna ,None,No,ATT,1,,
204,http://dx.doi.org/10.1039/C9EN01074B,2,Joseph T. Buchman,Christy Haynes,2/25/19,12/23/19,NMC,0,0,0,0,0,0,0.25,0.1425,0.0475,0.0575,0.5,0,0,0,0,0,0,T,750,750,750,None,Amorphous,1.046025105,0.956,7.4,MHRW,0,"2 C H2O,  3 C MeOH",5,172800,No,None,Daphnia magna ,None,No,ATT,1,,
205,http://dx.doi.org/10.1039/C9EN01074B,2,Joseph T. Buchman,Christy Haynes,2/25/19,12/23/19,NMC,0,0,0,0,0,0,0.25,0.1425,0.0475,0.0575,0.5,0,0,0,0,0,0,T,750,750,750,None,Amorphous,10.46025105,0.956,7.4,MHRW,0,"2 C H2O,  3 C MeOH",5,172800,No,None,Daphnia magna ,None,No,ATT,1,,
206,http://dx.doi.org/10.1039/C9EN01074B,2,Joseph T. Buchman,Christy Haynes,2/25/19,12/23/19,NMC,0,0,0,0,0,0,0.25,0.1425,0.0475,0.0575,0.5,0,0,0,0,0,0,T,750,750,750,None,Amorphous,26.15062762,0.956,7.4,MHRW,0,"2 C H2O,  3 C MeOH",5,172800,No,None,Daphnia magna ,None,No,ATT,1,,
